{"position":{"x":-7.776921,"y":76.5,"z":-7.7561693},"pitch":59.519993,"yaw":310.71997,"speed":0.5}