{"position":{"x":-48.26378,"y":74.5,"z":28.709602},"pitch":15.599998,"yaw":25.280054,"speed":0.5}