{"position":{"x":-25.374357,"y":80.5,"z":-30.711573},"pitch":26.8,"yaw":130.55992,"speed":0.5}