{"position":{"x":-11.314396,"y":83.5,"z":-12.877205},"pitch":45.2,"yaw":291.1998,"speed":0.5}