{"position":{"x":-24.510298,"y":86.5,"z":-39.57148},"pitch":89.36,"yaw":274.88007,"speed":0.5}