{"position":{"x":-24.720808,"y":78.5,"z":-4.2081475},"pitch":55.679993,"yaw":344.64005,"speed":0.5}