{"position":{"x":0.67704654,"y":72.5,"z":-0.006089106},"pitch":90.0,"yaw":104.00003,"speed":0.5}