{"position":{"x":0.0,"y":70.0,"z":0.0},"pitch":53.120003,"yaw":297.91986,"speed":0.5}