{"position":{"x":-8.362676,"y":71.0,"z":-8.14049},"pitch":25.28,"yaw":332.16,"speed":0.5}