{"position":{"x":-45.456196,"y":81.0,"z":-14.4313135},"pitch":30.640001,"yaw":24.64002,"speed":0.5}