{"position":{"x":-19.116241,"y":83.0,"z":-15.422839},"pitch":11.840004,"yaw":316.80008,"speed":0.5}