{"position":{"x":-35.438976,"y":63.0,"z":-34.14904},"pitch":35.519997,"yaw":321.6,"speed":0.5}