{"position":{"x":-28.189716,"y":83.0,"z":-29.780672},"pitch":90.0,"yaw":307.84,"speed":0.5}