{"position":{"x":-53.906116,"y":92.0,"z":-6.516098},"pitch":33.92,"yaw":37.119965,"speed":0.5}