{"position":{"x":-6.1190968,"y":71.5,"z":-34.000214},"pitch":31.679995,"yaw":258.24,"speed":0.5}